{"model_name": "LightGBM Default", "model_uid": "7326c5928e754df49aa234af12e33941", "training_time": "21:20:01", "training_date": "2023-08-13", "classification_report": {"0": {"precision": 0.9312288613303269, "recall": 0.8622129436325678, "f1-score": 0.8953929539295393, "support": 958}, "1": {"precision": 0.5782747603833865, "recall": 0.7479338842975206, "f1-score": 0.6522522522522521, "support": 242}, "accuracy": 0.8391666666666666, "macro avg": {"precision": 0.7547518108568567, "recall": 0.8050734139650442, "f1-score": 0.7738226030908957, "support": 1200}, "weighted avg": {"precision": 0.8600497843060272, "recall": 0.8391666666666666, "f1-score": 0.8463595790912865, "support": 1200}}}